variety,conventional,eco,terminal_NE,terminal_NW
cortland,32.5561,31.0979,29.95,NA
fuji,30.875,31.58544,36,NA
gala,30.3092666666667,33.60275,27.16,NA
golden delicious,NA,32.81045,27,36.67
granny smith,NA,31.166725,NA,37.48
macoun,29.357825,31.8981166666667,35.33,NA
mcintosh,27.6535142857143,31.5101533333333,27.2,NA
red delicious,NA,27.9978444444444,23,32.12
